Keyword,Popularity
Data Science,480
Machine Learning,470
Artificial Intelligence,460
Big Data,450
Data Mining,440
Data Visualization,430
Predictive Analytics,420
SQL,500
Python,490
R,475
Tableau,440
Power BI,435
Statistics,400
Regression Analysis,390
Time Series Analysis,385
Clustering,380
Classification,375
Deep Learning,370
Natural Language Processing,365
Data Cleaning,360
Data Wrangling,355
ETL,350
Data Warehousing,345
Business Intelligence,340
KPI,335
Dashboards,330
Data Governance,325
Data Quality,320
Data Engineering,315
Feature Engineering,310
Neural Networks,305
Decision Trees,300
Random Forest,295
Support Vector Machines,290
Gradient Boosting,285
Bayesian Analysis,280
Hypothesis Testing,275
A/B Testing,270
Data Ethics,265
Privacy,260
Data Security,255
Blockchain,250
Data Lakes,245
Hadoop,240
Spark,235
NoSQL,230
Relational Databases,225
Data Pipeline,220
Cloud Computing,215
Azure,210
AWS,205
Google Cloud,200
Data Architecture,195
Data Modeling,190
SQL Server,185
Oracle,180
SAP,175
Excel,170
Jupyter Notebook,165
Anaconda,160
Data Integration,155
Data Annotation,150
Data Labeling,145
Dimensionality Reduction,140
Pandas,135
NumPy,130
Matplotlib,125
Seaborn,120
Scikit-learn,115
TensorFlow,110
Keras,105
PyTorch,100
Reinforcement Learning,95
Data Augmentation,90
Cross-Validation,85
Bias-Variance Tradeoff,80
Overfitting,75
Underfitting,70
Model Deployment,65
AutoML,60
Hyperparameter Tuning,55
ROC Curve,50
Confusion Matrix,45
Precision-Recall,40
F1 Score,35
Data Imputation,30
Missing Data,25
Outlier Detection,20
Anomaly Detection,15
Data Privacy,10
GDPR,5
Data Stewardship,4
Data Lineage,3
DataOps,2
MLOps,1
AI Ethics,1
Data Democratization,0
